<?xml version="1.0" encoding="utf-8" ?>
<cms xmlns:xsi="http://www.w3.org/2001/XMLSchema-instance" xsi:noNamespaceSchemaLocation="https://raw.githubusercontent.com/shopware/platform/trunk/src/Core/Framework/App/Cms/Schema/cms-1.0.xsd">
    <blocks>
        <block>
            <name>zeobv-day-deal</name>

            <category>commerce</category>

            <label>Day Deal</label>
            <label lang="de-DE">Tagesangebote</label>
            <label lang="nl-NL">Dagdeal</label>

            <slots>
                <slot name="day-deal" type="product-slider">
                    <config>
                        <config-value name="product" source="static" value="null"/>
                    </config>
                </slot>
            </slots>

            <default-config>
                <margin-right>20px</margin-right>
                <margin-bottom>20px</margin-bottom>
                <margin-left>20px</margin-left>
            </default-config>
        </block>
    </blocks>
</cms>
